musicId,title,type,writer,composer,producer,genre,artist,album,releaseDate,src,duration,language,likes,downloads,lyrics,label,playCount,musicMood,storageTime,id,dramatic,aggressive,romantic,happy,sad,user_id,checkin_emotion_value,positive,negative,music_path
1,abc.wav,normal,,,,JAZZ,,,,JAZZ/abc.wav,0,,0,0,,,0,,2023-12-15T01:56:05,6592a7ec3713042ee2067be7,0.06365476,1.8727683e-07,0.93600667,5.1115653e-06,0.00033332434,2,52.9,0.984919,0.0150808,C:\Users\86181\Desktop\MicroServices\microArch-final-project\heartWave\EmotionProcessor\src\python\1.wav
4,yinhaa.wav,normal,,,,WORLD_MUSIC,,,,test/yinhaa.wav,0,,0,0,,,0,,2023-12-18T20:15:04,6592abea3713042ee2067c2e,0.11781243,0.34157977,0.14874414,0.28295156,0.108912185,2,52.9,0.984919,0.0150808,C:\Users\86181\Desktop\MicroServices\microArch-final-project\heartWave\EmotionProcessor\src\python\4.wav
5,张学友 - 等你等到我心痛.mp3,normal,,,,POP,,,,test/dnddwxt.mp3,0,,0,0,,,0,,2023-12-19T20:36:53,6592abe93713042ee2067c25,0.01149894,0.0030869625,0.98325825,0.0011779147,0.0009778349,2,52.9,0.984919,0.0150808,C:\Users\86181\Desktop\MicroServices\microArch-final-project\heartWave\EmotionProcessor\src\python\5.wav
6,"3ASiC,Anti-General - Deep Sea.mp3",normal,,,,ELECTRONIC,,,,"test/3ASiC,Anti-General - Deep Sea.mp3",0,,0,0,,,0,,2023-12-19T20:37:00,6592abe53713042ee2067bec,0.97697896,0.022573818,2.3483797e-12,0.0004471871,2.3035617e-14,2,52.9,0.984919,0.0150808,C:\Users\86181\Desktop\MicroServices\microArch-final-project\heartWave\EmotionProcessor\src\python\6.wav
7,ARI HICKS - Sad Ghost.mp3,normal,,,,ELECTRONIC,,,,test/ARI HICKS - Sad Ghost.mp3,0,,0,0,,,0,,2023-12-19T20:39:06,6592abe53713042ee2067bed,0.7761063,0.066778265,0.09758314,0.009313488,0.05021877,2,52.9,0.984919,0.0150808,C:\Users\86181\Desktop\MicroServices\microArch-final-project\heartWave\EmotionProcessor\src\python\7.wav
8,谭咏麟 - 讲不出再见.mp3,normal,,,,POP,,,,test/讲不出再见.mp3,0,,0,0,,,0,,2023-12-19T20:40:21,6592abed3713042ee2067c6c,0.001821327,0.7280294,0.10833814,0.16108161,0.000729503,2,52.9,0.984919,0.0150808,C:\Users\86181\Desktop\MicroServices\microArch-final-project\heartWave\EmotionProcessor\src\python\8.wav
9,Hoàng Thùy Linh - Gieo Quẻ.mp3,normal,,,,POP,,,,test/Gieo Quẻ.mp3,0,,0,0,,,0,,2023-12-19T20:41:11,6592abe73713042ee2067bff,0.09061206,0.9081978,0.00069268193,0.00026815812,0.00022926064,2,52.9,0.984919,0.0150808,C:\Users\86181\Desktop\MicroServices\microArch-final-project\heartWave\EmotionProcessor\src\python\9.wav
10,Backstreet Boys - Everybody (Backstreet's Back).mp3,normal,,,,POP,,,,test/Backstreet Boys-Everybody.mp3,0,,0,0,,,0,,2023-12-19T20:41:26,6592abe63713042ee2067bf1,0.0883542,0.8793994,0.022039087,0.007317884,0.0028893866,2,52.9,0.984919,0.0150808,C:\Users\86181\Desktop\MicroServices\microArch-final-project\heartWave\EmotionProcessor\src\python\10.wav
11,Backstreet Boys - I Want It That Way.mp3,normal,,,,POP,,,,test/Backstreet Boys - I Want It That Way.mp3,0,,0,0,,,0,,2023-12-19T20:41:59,6592abe53713042ee2067bef,0.00031842323,4.7407044e-05,0.98625714,0.00026229201,0.013114783,2,52.9,0.984919,0.0150808,C:\Users\86181\Desktop\MicroServices\microArch-final-project\heartWave\EmotionProcessor\src\python\11.wav
12,Beyond - 真的爱你.mp3,normal,,,,POP,,,,test/Beyond - 真的爱你.mp3,0,,0,0,,,0,,2023-12-19T20:42:04,6592abe63713042ee2067bf2,0.00030495517,0.0862325,0.913455,4.646469e-06,2.8389293e-06,2,52.9,0.984919,0.0150808,C:\Users\86181\Desktop\MicroServices\microArch-final-project\heartWave\EmotionProcessor\src\python\12.wav
13,By2 - 爱丫爱丫.mp3,normal,,,,POP,,,,test/By2 - 爱丫爱丫.mp3,0,,0,0,,,0,,2023-12-19T20:42:54,6592abe63713042ee2067bf3,0.0010705508,0.9988966,9.793476e-06,7.738698e-06,1.5201465e-05,2,52.9,0.984919,0.0150808,C:\Users\86181\Desktop\MicroServices\microArch-final-project\heartWave\EmotionProcessor\src\python\13.wav
14,Candy_Wind - 猫的舞步.mp3,normal,,,,INSTRUMENTAL,,,,test/Candy_Wind - 猫的舞步.mp3,0,,0,0,,,0,,2023-12-19T20:45:01,6592abe63713042ee2067bf6,0.7215471,3.8610655e-05,0.26035538,0.0005663769,0.017492462,2,52.9,0.984919,0.0150808,C:\Users\86181\Desktop\MicroServices\microArch-final-project\heartWave\EmotionProcessor\src\python\14.wav
15,Capitol Kids! - Wake.mp3,normal,,,,POP,,,,test/Capitol Kids! - Wake.mp3,0,,0,0,,,0,,2023-12-19T20:45:40,6592abe63713042ee2067bf7,6.0648104e-09,3.2986782e-06,3.2106964e-10,0.99999666,3.0732301e-18,2,52.9,0.984919,0.0150808,C:\Users\86181\Desktop\MicroServices\microArch-final-project\heartWave\EmotionProcessor\src\python\15.wav
16,Carlos Gardel - Por Una Cabeza.mp3,normal,,,,INSTRUMENTAL,,,,test/Carlos Gardel - Por Una Cabeza.mp3,0,,0,0,,,0,,2023-12-19T20:46:37,6592abe63713042ee2067bf8,4.681415e-05,1.6038914e-08,2.1008807e-05,1.6083788e-05,0.9999161,2,52.9,0.984919,0.0150808,C:\Users\86181\Desktop\MicroServices\microArch-final-project\heartWave\EmotionProcessor\src\python\16.wav
17,Charlie Puth - Look At Me Now.mp3,normal,,,,POP,,,,test/Charlie Puth - Look At Me Now.mp3,0,,0,0,,,0,,2023-12-19T20:47:09,6592abe63713042ee2067bf9,0.0029792092,0.99652404,6.1898776e-05,0.0004343975,3.2192565e-07,2,52.9,0.984919,0.0150808,C:\Users\86181\Desktop\MicroServices\microArch-final-project\heartWave\EmotionProcessor\src\python\17.wav
18,CMJ - 漫天星光（纯音乐版）.mp3,normal,,,,INSTRUMENTAL,,,,test/CMJ - 漫天星光（纯音乐版）.mp3,0,,0,0,,,0,,2023-12-19T20:47:48,6592abe63713042ee2067bf5,0.8310226,0.00026619565,0.12717523,0.00053581595,0.041000232,2,52.9,0.984919,0.0150808,C:\Users\86181\Desktop\MicroServices\microArch-final-project\heartWave\EmotionProcessor\src\python\18.wav
19,CMJ - 星星在唱歌（纯音乐）.mp3,normal,,,,INSTRUMENTAL,,,,test/CMJ - 星星在唱歌（纯音乐）.mp3,0,,0,0,,,0,,2023-12-19T20:48:30,6592abe63713042ee2067bf4,0.9849413,0.0016651965,0.010143496,0.0007878196,0.0024621582,2,52.9,0.984919,0.0150808,C:\Users\86181\Desktop\MicroServices\microArch-final-project\heartWave\EmotionProcessor\src\python\19.wav
20,"DECO＊27,初音ミク - 愛言葉IV.mp3",normal,,,,POP,,,,"test/DECO＊27,初音ミク - 愛言葉IV.mp3",0,,0,0,,,0,,2023-12-19T20:49:08,6592abe63713042ee2067bfa,9.0022855e-05,0.9998759,1.3020067e-05,2.1061725e-05,1.0660728e-08,2,52.9,0.984919,0.0150808,C:\Users\86181\Desktop\MicroServices\microArch-final-project\heartWave\EmotionProcessor\src\python\20.wav
21,Esther Graf - Letzte Mail.mp3,normal,,,,RNB_SOUL,,,,test/Esther Graf - Letzte Mail.mp3,0,,0,0,,,0,,2023-12-19T20:50:03,6592abe73713042ee2067bfd,0.02592126,0.9723704,0.00040120052,0.0012944231,1.2745141e-05,2,52.9,0.984919,0.0150808,C:\Users\86181\Desktop\MicroServices\microArch-final-project\heartWave\EmotionProcessor\src\python\21.wav
22,G.E.M.邓紫棋 - 句号.mp3,normal,,,,RNB_SOUL,,,,test/G.E.M.邓紫棋 - 句号.mp3,0,,0,0,,,0,,2023-12-19T20:50:28,6592abe73713042ee2067bfe,0.352203,0.6428215,0.00092456536,0.0039046935,0.00014623246,2,52.9,0.984919,0.0150808,C:\Users\86181\Desktop\MicroServices\microArch-final-project\heartWave\EmotionProcessor\src\python\22.wav
23,"Gill Chang,Aviella - Real Life.mp3",normal,,,,ELECTRONIC,,,,"test/Gill Chang,Aviella - Real Life.mp3",0,,0,0,,,0,,2023-12-19T20:51:01,6592abe73713042ee2067c00,0.6844094,0.12428431,0.040294793,0.0800288,0.070982635,2,52.9,0.984919,0.0150808,C:\Users\86181\Desktop\MicroServices\microArch-final-project\heartWave\EmotionProcessor\src\python\23.wav
24,"Guiano,ヰ世界情緒 - 月 feat. ヰ世界情緒.mp3",normal,,,,ELECTRONIC,,,,"test/Guiano,ヰ世界情緒 - 月 feat. ヰ世界情緒.mp3",0,,0,0,,,0,,2023-12-19T20:51:35,6592abe73713042ee2067c01,8.386984e-06,0.000105592,0.0002916804,0.9995859,8.409441e-06,2,52.9,0.984919,0.0150808,C:\Users\86181\Desktop\MicroServices\microArch-final-project\heartWave\EmotionProcessor\src\python\24.wav
25,H△G - アイロニ.mp3,normal,,,,ELECTRONIC,,,,test/H△G - アイロニ.mp3,0,,0,0,,,0,,2023-12-19T20:52:00,6592abe73713042ee2067c08,0.003940205,0.99058586,0.0015996067,0.0038624618,1.1857596e-05,2,52.9,0.984919,0.0150808,C:\Users\86181\Desktop\MicroServices\microArch-final-project\heartWave\EmotionProcessor\src\python\25.wav
26,Hea2t - 初夏的风.mp3,normal,,,,INSTRUMENTAL,,,,test/Hea2t - 初夏的风.mp3,0,,0,0,,,0,,2023-12-19T20:54:14,6592abe73713042ee2067c03,1.0258523e-06,0.05154231,0.7591095,0.18933313,1.39938775e-05,2,52.9,0.984919,0.0150808,C:\Users\86181\Desktop\MicroServices\microArch-final-project\heartWave\EmotionProcessor\src\python\26.wav
28,Heidi Montag - I'll Do It.mp3,normal,,,,HIP_POP,,,,test/Heidi Montag - I'll Do It.mp3,0,,0,0,,,0,,2023-12-19T20:55:03,6592abe73713042ee2067c04,1.0,1.6721406e-08,1.0993994e-24,4.8319172e-18,5.956306e-15,2,52.9,0.984919,0.0150808,C:\Users\86181\Desktop\MicroServices\microArch-final-project\heartWave\EmotionProcessor\src\python\28.wav
29,Hélène Rolles - Je m'appelle Hélène.mp3,normal,,,,WORLD_MUSIC,,,,test/Hélène Rolles - Je m'appelle Hélène.mp3,0,,0,0,,,0,,2023-12-19T20:56:27,6592abe73713042ee2067c07,1.5441236e-06,0.9977374,0.0021563594,9.526761e-05,9.443572e-06,2,52.9,0.984919,0.0150808,C:\Users\86181\Desktop\MicroServices\microArch-final-project\heartWave\EmotionProcessor\src\python\29.wav
30,"HoneyWorks,Hanon,Kotoha - 僕らのRTA.mp3",normal,,,,WORLD_MUSIC,,,,"test/HoneyWorks,Hanon,Kotoha - 僕らのRTA.mp3",0,,0,0,,,0,,2023-12-19T20:58:00,6592abe73713042ee2067c05,6.0845304e-12,1.0,4.3383506e-09,6.8415e-13,3.1302364e-13,2,52.9,0.984919,0.0150808,C:\Users\86181\Desktop\MicroServices\microArch-final-project\heartWave\EmotionProcessor\src\python\30.wav
31,"HOPE-T,接个吻，开一枪 - 锦里.mp3",normal,,,,ELECTRONIC,,,,"test/HOPE-T,接个吻，开一枪 - 锦里.mp3",0,,0,0,,,0,,2023-12-19T20:58:38,6592abe73713042ee2067c02,1.768107e-05,6.902013e-06,1.3455403e-06,4.27057e-05,0.99993134,2,52.9,0.984919,0.0150808,C:\Users\86181\Desktop\MicroServices\microArch-final-project\heartWave\EmotionProcessor\src\python\31.wav
32,iri - 会いたいわ.mp3,normal,,,,POP,,,,test/iri - 会いたいわ.mp3,0,,0,0,,,0,,2023-12-19T20:59:19,6592abe93713042ee2067c27,0.005444476,0.98632485,0.0016086973,0.0066065844,1.541952e-05,2,52.9,0.984919,0.0150808,C:\Users\86181\Desktop\MicroServices\microArch-final-project\heartWave\EmotionProcessor\src\python\32.wav
33,"James Galway - Serenade (Ständchen, D. 957).mp3",normal,,,,CLASSICAL,,,,"test/James Galway - Serenade (Ständchen, D. 957).mp3",0,,0,0,,,0,,2023-12-19T20:59:48,6592abe73713042ee2067c09,0.0020396092,1.2828463e-05,0.9893203,3.2213342e-07,0.00862691,2,52.9,0.984919,0.0150808,C:\Users\86181\Desktop\MicroServices\microArch-final-project\heartWave\EmotionProcessor\src\python\33.wav
34,Keyso寿君超 - 上海爱情故事2019.mp3,normal,,,,HIP_POP,,,,test/Keyso寿君超 - 上海爱情故事2019.mp3,0,,0,0,,,0,,2023-12-19T21:00:20,6592abe83713042ee2067c0d,0.06251472,0.12066359,0.6553205,0.14578089,0.015720198,2,52.9,0.984919,0.0150808,C:\Users\86181\Desktop\MicroServices\microArch-final-project\heartWave\EmotionProcessor\src\python\34.wav
35,Lana Del Rey - Get Free.mp3,normal,,,,POP,,,,test/Lana Del Rey - Get Free.mp3,0,,0,0,,,0,,2023-12-19T21:00:51,6592abe83713042ee2067c0e,0.51553047,0.016544325,0.305851,0.111947425,0.05012677,2,52.9,0.984919,0.0150808,C:\Users\86181\Desktop\MicroServices\microArch-final-project\heartWave\EmotionProcessor\src\python\35.wav
36,Lana Del Rey - High by the Beach.mp3,normal,,,,WORLD_MUSIC,,,,test/Lana Del Rey - High by the Beach.mp3,0,,0,0,,,0,,2023-12-19T21:01:47,6592abe83713042ee2067c0f,0.00034287287,0.99965155,1.5733016e-07,4.937035e-06,4.5110056e-07,2,52.9,0.984919,0.0150808,C:\Users\86181\Desktop\MicroServices\microArch-final-project\heartWave\EmotionProcessor\src\python\36.wav
37,Lana Del Rey - Money Power Glory.mp3,normal,,,,WORLD_MUSIC,,,,test/Lana Del Rey - Money Power Glory.mp3,0,,0,0,,,0,,2023-12-19T21:02:19,6592abe83713042ee2067c10,0.56033397,0.009096895,0.016899671,0.04292666,0.3707428,2,52.9,0.984919,0.0150808,C:\Users\86181\Desktop\MicroServices\microArch-final-project\heartWave\EmotionProcessor\src\python\37.wav
38,"Lana Del Rey,Sean Lennon - Tomorrow Never Came.mp3",normal,,,,WORLD_MUSIC,,,,"test/Lana Del Rey,Sean Lennon - Tomorrow Never Came.mp3",0,,0,0,,,0,,2023-12-19T21:02:44,6592abe83713042ee2067c11,0.007062491,0.03801704,0.15642527,0.7969318,0.0015633603,2,52.9,0.984919,0.0150808,C:\Users\86181\Desktop\MicroServices\microArch-final-project\heartWave\EmotionProcessor\src\python\38.wav
39,"Lana Del Rey,The Weeknd,The Avener - Lust For Life (The Avener Rework).mp3",normal,,,,WORLD_MUSIC,,,,"test/Lana Del Rey,The Weeknd,The Avener - Lust For Life (The Avener Rework).mp3",0,,0,0,,,0,,2023-12-19T21:03:10,6592abe83713042ee2067c12,0.25892767,0.04372085,0.21932663,0.3988948,0.079130106,2,52.9,0.984919,0.0150808,C:\Users\86181\Desktop\MicroServices\microArch-final-project\heartWave\EmotionProcessor\src\python\39.wav
40,Lorde - Perfect Places.mp3,normal,,,,POP,,,,test/Lorde - Perfect Places.mp3,0,,0,0,,,0,,2023-12-19T21:03:47,6592abe83713042ee2067c13,0.02049627,0.9640991,2.6195557e-06,0.015399914,2.1648661e-06,2,52.9,0.984919,0.0150808,C:\Users\86181\Desktop\MicroServices\microArch-final-project\heartWave\EmotionProcessor\src\python\40.wav
41,"Luis Fonsi,Daddy Yankee - Despacito.mp3",normal,,,,WORLD_MUSIC,,,,"test/Luis Fonsi,Daddy Yankee - Despacito.mp3",0,,0,0,,,0,,2023-12-19T21:04:19,6592abe83713042ee2067c14,0.006674401,0.13809864,0.0011521189,0.8539897,8.501898e-05,2,52.9,0.984919,0.0150808,C:\Users\86181\Desktop\MicroServices\microArch-final-project\heartWave\EmotionProcessor\src\python\41.wav
42,Massive New Krew - Blaster (Extended Ver.).mp3,normal,,,,ELECTRONIC,,,,test/Massive New Krew - Blaster (Extended Ver.).mp3,0,,0,0,,,0,,2023-12-19T21:05:01,6592abe83713042ee2067c16,0.71363914,0.2836636,4.4816954e-08,0.0026968787,3.7342352e-07,2,52.9,0.984919,0.0150808,C:\Users\86181\Desktop\MicroServices\microArch-final-project\heartWave\EmotionProcessor\src\python\42.wav
43,MORE MORE JUMP！ - 私は、私達は (feat. 花里みのり&桐谷遥&桃井愛莉&日野森雫&鏡音レン).mp3,normal,,,,POP,,,,test/MORE MORE JUMP！ - 私は、私達は (feat. 花里みのり&桐谷遥&桃井愛莉&日野森雫&鏡音レン).mp3,0,,0,0,,,0,,2023-12-19T21:05:40,6592abe83713042ee2067c15,0.55053186,0.44907975,0.00011057532,0.00014607164,0.00013181243,2,52.9,0.984919,0.0150808,C:\Users\86181\Desktop\MicroServices\microArch-final-project\heartWave\EmotionProcessor\src\python\43.wav
44,moumoon - トモダチ／コイビト.mp3,normal,,,,POP,,,,test/moumoon - トモダチ／コイビト.mp3,0,,0,0,,,0,,2023-12-19T21:06:06,6592abe93713042ee2067c29,6.0122497e-06,1.5839073e-06,2.157253e-06,2.8515635e-06,0.99998736,2,52.9,0.984919,0.0150808,C:\Users\86181\Desktop\MicroServices\microArch-final-project\heartWave\EmotionProcessor\src\python\44.wav
45,Quadro Nuevo - Per il mio amore.mp3,normal,,,,CLASSICAL,,,,test/Quadro Nuevo - Per il mio amore.mp3,0,,0,0,,,0,,2023-12-19T21:06:34,6592abe83713042ee2067c17,0.013542871,0.00016883251,0.006711174,0.9666441,0.012933006,2,52.9,0.984919,0.0150808,C:\Users\86181\Desktop\MicroServices\microArch-final-project\heartWave\EmotionProcessor\src\python\45.wav
46,Rakele - Nessuno è libero.mp3,normal,,,,WORLD_MUSIC,,,,test/Rakele - Nessuno è libero.mp3,0,,0,0,,,0,,2023-12-19T21:07:29,6592abe83713042ee2067c18,0.0072193146,0.2762466,0.01737519,0.39859,0.30056888,2,52.9,0.984919,0.0150808,C:\Users\86181\Desktop\MicroServices\microArch-final-project\heartWave\EmotionProcessor\src\python\46.wav
47,Rakele - Si chiudono le labbra.mp3,normal,,,,WORLD_MUSIC,,,,test/Rakele - Si chiudono le labbra.mp3,0,,0,0,,,0,,2023-12-19T21:07:58,6592abe83713042ee2067c19,8.4564046e-05,2.6136033e-05,0.0014027365,0.9984818,4.7161943e-06,2,52.9,0.984919,0.0150808,C:\Users\86181\Desktop\MicroServices\microArch-final-project\heartWave\EmotionProcessor\src\python\47.wav
48,"Rocco Hunt,Ana Mena - A Un Passo Dalla Luna.mp3",normal,,,,WORLD_MUSIC,,,,"test/Rocco Hunt,Ana Mena - A Un Passo Dalla Luna.mp3",0,,0,0,,,0,,2023-12-19T21:08:18,6592abe83713042ee2067c1a,0.0440881,0.9452242,0.00044469748,0.0099052405,0.00033780796,2,52.9,0.984919,0.0150808,C:\Users\86181\Desktop\MicroServices\microArch-final-project\heartWave\EmotionProcessor\src\python\48.wav
49,Taylor Swift - I Knew You Were Trouble.mp3,normal,,,,POP,,,,test/Taylor Swift - I Knew You Were Trouble.mp3,0,,0,0,,,0,,2023-12-19T21:08:40,6592abe83713042ee2067c1c,0.0029090913,0.92294985,0.05549593,0.018062485,0.0005827023,2,52.9,0.984919,0.0150808,C:\Users\86181\Desktop\MicroServices\microArch-final-project\heartWave\EmotionProcessor\src\python\49.wav
50,Taylor Swift - Shake It Off.mp3,normal,,,,POP,,,,test/Taylor Swift - Shake It Off.mp3,0,,0,0,,,0,,2023-12-19T21:09:12,6592abe93713042ee2067c1d,0.01919815,0.9804951,0.0001382481,0.00014323839,2.536403e-05,2,52.9,0.984919,0.0150808,C:\Users\86181\Desktop\MicroServices\microArch-final-project\heartWave\EmotionProcessor\src\python\50.wav
51,Taylor Swift - We Are Never Ever Getting Back Together.mp3,normal,,,,POP,,,,test/Taylor Swift - We Are Never Ever Getting Back Together.mp3,0,,0,0,,,0,,2023-12-19T21:09:51,6592abe93713042ee2067c1e,0.02623878,0.12237223,0.012135229,0.8392107,4.315126e-05,2,52.9,0.984919,0.0150808,C:\Users\86181\Desktop\MicroServices\microArch-final-project\heartWave\EmotionProcessor\src\python\51.wav
52,USAO - Climax.mp3,normal,,,,ELECTRONIC,,,,test/USAO - Climax.mp3,0,,0,0,,,0,,2023-12-19T21:10:43,6592abe93713042ee2067c20,4.605563e-20,1.0,4.185556e-17,5.8947288e-24,6.5100635e-28,2,52.9,0.984919,0.0150808,C:\Users\86181\Desktop\MicroServices\microArch-final-project\heartWave\EmotionProcessor\src\python\52.wav
53,Virtual Self - Particle Arts.mp3,normal,,,,ELECTRONIC,,,,test/Virtual Self - Particle Arts.mp3,0,,0,0,,,0,,2023-12-19T21:11:18,6592abe93713042ee2067c21,0.014269358,0.025784468,1.2346097e-05,0.9599314,2.53634e-06,2,52.9,0.984919,0.0150808,C:\Users\86181\Desktop\MicroServices\microArch-final-project\heartWave\EmotionProcessor\src\python\53.wav
54,yihuik苡慧 - 就是爱你.mp3,normal,,,,POP,,,,test/yihuik苡慧 - 就是爱你.mp3,0,,0,0,,,0,,2023-12-19T21:11:50,6592abe93713042ee2067c2b,0.00048246133,3.881311e-07,0.002872919,0.9966204,2.3905752e-05,2,52.9,0.984919,0.0150808,C:\Users\86181\Desktop\MicroServices\microArch-final-project\heartWave\EmotionProcessor\src\python\54.wav
55,"yihuik苡慧,Aioz - 苦茶.mp3",normal,,,,RNB_SOUL,,,,"test/yihuik苡慧,Aioz - 苦茶.mp3",0,,0,0,,,0,,2023-12-19T21:12:21,6592abea3713042ee2067c2d,0.09749375,0.06389825,0.027754538,0.8104817,0.0003718039,2,52.9,0.984919,0.0150808,C:\Users\86181\Desktop\MicroServices\microArch-final-project\heartWave\EmotionProcessor\src\python\55.wav
56,Youngior - 琴与海.mp3,normal,,,,HIP_POP,,,,test/Youngior - 琴与海.mp3,0,,0,0,,,0,,2023-12-19T21:13:01,6592abe93713042ee2067c22,0.016734472,0.023578629,0.09390864,0.861683,0.004095225,2,52.9,0.984919,0.0150808,C:\Users\86181\Desktop\MicroServices\microArch-final-project\heartWave\EmotionProcessor\src\python\56.wav
57,Youngior - 私语.mp3,normal,,,,HIP_POP,,,,test/Youngior - 私语.mp3,0,,0,0,,,0,,2023-12-19T21:13:21,6592abe93713042ee2067c23,1.2584569e-14,0.00050655846,0.9994935,9.802388e-11,1.0445901e-17,2,52.9,0.984919,0.0150808,C:\Users\86181\Desktop\MicroServices\microArch-final-project\heartWave\EmotionProcessor\src\python\57.wav
58,Yuta Imai - UNKNOWN LEVELS Extended Mix.mp3,normal,,,,ELECTRONIC,,,,test/Yuta Imai - UNKNOWN LEVELS Extended Mix.mp3,0,,0,0,,,0,,2023-12-19T21:13:46,6592abe93713042ee2067c24,0.0012696743,0.9987072,1.2325048e-08,2.2922797e-05,6.886052e-08,2,52.9,0.984919,0.0150808,C:\Users\86181\Desktop\MicroServices\microArch-final-project\heartWave\EmotionProcessor\src\python\58.wav
59,イロドリミドリ - 猫祭り.mp3,normal,,,,POP,,,,test/イロドリミドリ - 猫祭り.mp3,0,,0,0,,,0,,2023-12-19T21:14:10,6592abea3713042ee2067c30,0.0022599476,0.98664385,0.008300525,0.0020958972,0.0006996749,2,52.9,0.984919,0.0150808,C:\Users\86181\Desktop\MicroServices\microArch-final-project\heartWave\EmotionProcessor\src\python\59.wav
60,ツユ - くらべられっ子.mp3,normal,,,,POP,,,,test/ツユ - くらべられっ子.mp3,0,,0,0,,,0,,2023-12-19T21:14:31,6592abea3713042ee2067c33,3.4553712e-05,0.9995646,0.00039975755,2.197287e-07,8.328869e-07,2,52.9,0.984919,0.0150808,C:\Users\86181\Desktop\MicroServices\microArch-final-project\heartWave\EmotionProcessor\src\python\60.wav
61,ツユ - テリトリーバトル.mp3,normal,,,,POP,,,,test/ツユ - テリトリーバトル.mp3,0,,0,0,,,0,,2023-12-19T21:14:58,6592abea3713042ee2067c34,1.3950767e-08,0.9999361,6.1459796e-05,2.3737257e-06,5.4115254e-11,2,52.9,0.984919,0.0150808,C:\Users\86181\Desktop\MicroServices\microArch-final-project\heartWave\EmotionProcessor\src\python\61.wav
62,ツユ - 泥の分際で私だけの大切を奪おうだなんて.mp3,normal,,,,POP,,,,test/ツユ - 泥の分際で私だけの大切を奪おうだなんて.mp3,0,,0,0,,,0,,2023-12-19T21:15:21,6592abea3713042ee2067c35,0.44201726,0.55356723,0.0002558075,0.004021041,0.0001386607,2,52.9,0.984919,0.0150808,C:\Users\86181\Desktop\MicroServices\microArch-final-project\heartWave\EmotionProcessor\src\python\62.wav
63,ナナヲアカリ - 忘れないでベイベー.mp3,normal,,,,POP,,,,test/ナナヲアカリ - 忘れないでベイベー.mp3,0,,0,0,,,0,,2023-12-19T21:15:58,6592abea3713042ee2067c36,0.17631218,0.76348555,0.02563726,0.029090924,0.005474195,2,52.9,0.984919,0.0150808,C:\Users\86181\Desktop\MicroServices\microArch-final-project\heartWave\EmotionProcessor\src\python\63.wav
64,变奏的梦想 - 扬州~柳外残阳~.mp3,normal,,,,INSTRUMENTAL,,,,test/变奏的梦想 - 扬州~柳外残阳~.mp3,0,,0,0,,,0,,2023-12-19T21:16:40,6592abeb3713042ee2067c46,0.8485922,0.00047353606,0.11427923,0.00066432403,0.03599078,2,52.9,0.984919,0.0150808,C:\Users\86181\Desktop\MicroServices\microArch-final-project\heartWave\EmotionProcessor\src\python\64.wav
65,不才 - 捞月谣.mp3,normal,,,,POP,,,,test/不才 - 捞月谣.mp3,0,,0,0,,,0,,2023-12-19T21:17:08,6592abea3713042ee2067c3c,0.0104675805,0.05776458,0.012912584,0.90874255,0.010112808,2,52.9,0.984919,0.0150808,C:\Users\86181\Desktop\MicroServices\microArch-final-project\heartWave\EmotionProcessor\src\python\65.wav
67,单依纯 - 永不失联的爱 (Live版).mp3,normal,,,,RNB_SOUL,,,,test/单依纯 - 永不失联的爱 (Live版).mp3,0,,0,0,,,0,,2023-12-19T21:17:42,6592abeb3713042ee2067c44,0.7173303,0.015997095,0.15440688,0.027697578,0.0845682,2,52.9,0.984919,0.0150808,C:\Users\86181\Desktop\MicroServices\microArch-final-project\heartWave\EmotionProcessor\src\python\67.wav
68,"当真伊都子,小瀬村晶 - Reborn.mp3",normal,,,,INSTRUMENTAL,,,,"test/当真伊都子,小瀬村晶 - Reborn.mp3",0,,0,0,,,0,,2023-12-19T21:18:16,6592abec3713042ee2067c58,0.77729297,0.0074188984,0.1545014,0.042452153,0.018334564,2,52.9,0.984919,0.0150808,C:\Users\86181\Desktop\MicroServices\microArch-final-project\heartWave\EmotionProcessor\src\python\68.wav
70,"当真伊都子,小瀬村晶 - Will.mp3",normal,,,,INSTRUMENTAL,,,,"test/当真伊都子,小瀬村晶 - Will.mp3",0,,0,0,,,0,,2023-12-19T21:18:35,6592abec3713042ee2067c59,1.06104725e-08,0.0054030856,0.0006258082,2.8944097e-08,0.9939711,2,52.9,0.984919,0.0150808,C:\Users\86181\Desktop\MicroServices\microArch-final-project\heartWave\EmotionProcessor\src\python\70.wav
71,封茗囧菌 - 今日重到苏澜桥.mp3,normal,,,,POP,,,,test/封茗囧菌 - 今日重到苏澜桥.mp3,0,,0,0,,,0,,2023-12-19T21:19:07,6592abec3713042ee2067c52,0.4429934,0.00901257,0.29741162,0.0010493376,0.24953309,2,52.9,0.984919,0.0150808,C:\Users\86181\Desktop\MicroServices\microArch-final-project\heartWave\EmotionProcessor\src\python\71.wav
72,冯曦妤 - 阳光.雨.mp3,normal,,,,POP,,,,test/冯曦妤 - 阳光.雨.mp3,0,,0,0,,,0,,2023-12-19T21:19:29,6592abeb3713042ee2067c3f,0.087480806,0.031580664,0.6233542,0.08256343,0.17502087,2,52.9,0.984919,0.0150808,C:\Users\86181\Desktop\MicroServices\microArch-final-project\heartWave\EmotionProcessor\src\python\72.wav
73,"国风堂,排骨教主 - 小城烟雨时.mp3",normal,,,,POP,,,,"test/国风堂,排骨教主 - 小城烟雨时.mp3",0,,0,0,,,0,,2023-12-19T21:19:47,6592abeb3713042ee2067c4b,0.110277504,0.034568373,0.11381833,0.7235838,0.017751975,2,52.9,0.984919,0.0150808,C:\Users\86181\Desktop\MicroServices\microArch-final-project\heartWave\EmotionProcessor\src\python\73.wav
74,刘若英 - 成全.mp3,normal,,,,POP,,,,test/刘若英 - 成全.mp3,0,,0,0,,,0,,2023-12-19T21:20:09,6592abeb3713042ee2067c42,0.0024284374,0.1895196,0.7776975,0.0027198321,0.027634658,2,52.9,0.984919,0.0150808,C:\Users\86181\Desktop\MicroServices\microArch-final-project\heartWave\EmotionProcessor\src\python\74.wav
75,刘若英 - 为爱痴狂.mp3,normal,,,,POP,,,,test/刘若英 - 为爱痴狂.mp3,0,,0,0,,,0,,2023-12-19T21:20:23,6592abeb3713042ee2067c41,0.4602271,0.0019951183,0.14043887,0.26491883,0.13242018,2,52.9,0.984919,0.0150808,C:\Users\86181\Desktop\MicroServices\microArch-final-project\heartWave\EmotionProcessor\src\python\75.wav
76,刘若英 - 我曾爱过一个男孩.mp3,normal,,,,POP,,,,test/刘若英 - 我曾爱过一个男孩.mp3,0,,0,0,,,0,,2023-12-19T21:20:37,6592abeb3713042ee2067c43,0.7213462,0.024614494,0.16096246,0.022394596,0.07068226,2,52.9,0.984919,0.0150808,C:\Users\86181\Desktop\MicroServices\microArch-final-project\heartWave\EmotionProcessor\src\python\76.wav
77,Hoàng Thùy Linh - Duyên Âm(Love of Ghosts).mp3,normal,,,,POP,,,,test/Hoàng Thùy Linh - Duyên Âm(Love of Ghosts).mp3,179,VietNamnese,0,0,,,0,,2023-12-19T21:20:49,6592abe73713042ee2067c06,0.22535959,0.73543864,0.010884871,0.022544315,0.0057726256,2,52.9,0.984919,0.0150808,C:\Users\86181\Desktop\MicroServices\microArch-final-project\heartWave\EmotionProcessor\src\python\77.wav
78,刘奕忻 - 爱人错过.mp3,normal,,,,POP,,,,test/刘奕忻 - 爱人错过.mp3,0,,0,0,,,0,,2023-12-19T21:20:50,6592abeb3713042ee2067c40,0.0049733687,2.1083986e-06,0.99327844,5.060951e-06,0.0017409427,2,52.9,0.984919,0.0150808,C:\Users\86181\Desktop\MicroServices\microArch-final-project\heartWave\EmotionProcessor\src\python\78.wav
79,"卢巧音,王力宏 - 好心分手.mp3",normal,,,,POP,,,,"test/卢巧音,王力宏 - 好心分手.mp3",0,,0,0,,,0,,2023-12-19T21:21:05,6592abeb3713042ee2067c45,8.726459e-06,1.0905826e-09,1.895641e-09,1.0467271e-08,0.9999913,2,52.9,0.984919,0.0150808,C:\Users\86181\Desktop\MicroServices\microArch-final-project\heartWave\EmotionProcessor\src\python\79.wav
80,"塞壬唱片-MSR,Erik Castro - 不存在的乐园.mp3",normal,,,,ELECTRONIC,,,,"test/塞壬唱片-MSR,Erik Castro - 不存在的乐园.mp3",0,,0,0,,,0,,2023-12-19T21:21:31,6592abeb3713042ee2067c4c,0.033188332,0.966811,3.0206417e-07,3.67356e-07,3.979465e-08,2,52.9,0.984919,0.0150808,C:\Users\86181\Desktop\MicroServices\microArch-final-project\heartWave\EmotionProcessor\src\python\80.wav
81,"塞壬唱片-MSR,Forts - Radiant.mp3",normal,,,,ELECTRONIC,,,,"test/塞壬唱片-MSR,Forts - Radiant.mp3",0,,0,0,,,0,,2023-12-19T21:22:12,6592abec3713042ee2067c4d,0.00048819266,0.9994624,6.8396666e-06,4.2497893e-05,2.2458784e-09,2,52.9,0.984919,0.0150808,C:\Users\86181\Desktop\MicroServices\microArch-final-project\heartWave\EmotionProcessor\src\python\81.wav
82,"塞壬唱片-MSR,PMP - 光影.mp3",normal,,,,CLASSICAL,,,,"test/塞壬唱片-MSR,PMP - 光影.mp3",0,,0,0,,,0,,2023-12-19T21:22:48,6592abec3713042ee2067c4e,0.42418995,1.5380281e-05,0.57503855,0.00046246266,0.00029357197,2,52.9,0.984919,0.0150808,C:\Users\86181\Desktop\MicroServices\microArch-final-project\heartWave\EmotionProcessor\src\python\82.wav
83,"塞壬唱片-MSR,PMP - 夕照.mp3",normal,,,,INSTRUMENTAL,,,,"test/塞壬唱片-MSR,PMP - 夕照.mp3",0,,0,0,,,0,,2023-12-19T21:23:36,6592abec3713042ee2067c4f,0.4998088,0.28977406,0.06317015,0.0879805,0.0592664,2,52.9,0.984919,0.0150808,C:\Users\86181\Desktop\MicroServices\microArch-final-project\heartWave\EmotionProcessor\src\python\83.wav
86,孙燕姿 - 我怀念的.mp3,normal,,,,POP,,,,test/孙燕姿 - 我怀念的.mp3,0,,0,0,,,0,,2023-12-19T21:28:21,6592abec3713042ee2067c50,0.91823655,0.0054788697,0.00025074012,0.011773126,0.064260654,2,52.9,0.984919,0.0150808,C:\Users\86181\Desktop\MicroServices\microArch-final-project\heartWave\EmotionProcessor\src\python\86.wav
86,孙燕姿 - 我怀念的.mp3,normal,,,,POP,,,,test/孙燕姿 - 我怀念的.mp3,0,,0,0,,,0,,2023-12-19T21:28:21,6592abec3713042ee2067c51,0.16065034,0.008120683,0.32102296,0.05507521,0.45513088,2,52.9,0.984919,0.0150808,C:\Users\86181\Desktop\MicroServices\microArch-final-project\heartWave\EmotionProcessor\src\python\86.wav
87,小瀬村晶 - Summer Ghost.mp3,normal,,,,INSTRUMENTAL,,,,test/小瀬村晶 - Summer Ghost.mp3,0,,0,0,,,0,,2023-12-19T21:28:50,6592abec3713042ee2067c54,0.08900852,0.06929672,0.7644582,0.018096989,0.059139628,2,52.9,0.984919,0.0150808,C:\Users\86181\Desktop\MicroServices\microArch-final-project\heartWave\EmotionProcessor\src\python\87.wav
88,"小田音乐社,栗男 - 戏人妾.mp3",normal,,,,POP,,,,"test/小田音乐社,栗男 - 戏人妾.mp3",0,,0,0,,,0,,2023-12-19T21:29:15,6592abec3713042ee2067c55,0.0062867734,0.0008239279,0.070013836,0.0006218213,0.92225367,2,52.9,0.984919,0.0150808,C:\Users\86181\Desktop\MicroServices\microArch-final-project\heartWave\EmotionProcessor\src\python\88.wav
89,蔡卓妍 - 二缺一.mp3,normal,,,,POP,,,,test/蔡卓妍 - 二缺一.mp3,215,Cantonnese,0,0,,,0,,2023-12-19T21:29:17,6592abed3713042ee2067c6a,0.016824698,0.008552765,0.03524455,0.92833894,0.011039089,2,52.9,0.984919,0.0150808,C:\Users\86181\Desktop\MicroServices\microArch-final-project\heartWave\EmotionProcessor\src\python\89.wav
90,徐佳莹 - 喜欢你.mp3,normal,,,,POP,,,,test/徐佳莹 - 喜欢你.mp3,0,,0,0,,,0,,2023-12-19T21:29:30,6592abec3713042ee2067c5a,0.1794425,0.017215816,0.24365,0.13866313,0.42102855,2,52.9,0.984919,0.0150808,C:\Users\86181\Desktop\MicroServices\microArch-final-project\heartWave\EmotionProcessor\src\python\90.wav
91,徐良 - 北京巷弄.mp3,normal,,,,POP,,,,test/徐良 - 北京巷弄.mp3,0,,0,0,,,0,,2023-12-19T21:29:45,6592abec3713042ee2067c5c,2.4893698e-12,0.9998882,0.000110873705,9.085185e-07,9.053959e-11,2,52.9,0.984919,0.0150808,C:\Users\86181\Desktop\MicroServices\microArch-final-project\heartWave\EmotionProcessor\src\python\91.wav
92,徐良 - 今天见了前女友.mp3,normal,,,,POP,,,,test/徐良 - 今天见了前女友.mp3,0,,0,0,,,0,,2023-12-19T21:30:09,6592abec3713042ee2067c5b,5.890912e-08,2.1772731e-10,0.9999716,2.8363345e-05,9.483168e-10,2,52.9,0.984919,0.0150808,C:\Users\86181\Desktop\MicroServices\microArch-final-project\heartWave\EmotionProcessor\src\python\92.wav
93,徐良 - 美瞳.mp3,normal,,,,POP,,,,test/徐良 - 美瞳.mp3,0,,0,0,,,0,,2023-12-19T21:30:23,6592abed3713042ee2067c5d,0.94988143,0.0050759697,0.036202904,0.008137096,0.0007026683,2,52.9,0.984919,0.0150808,C:\Users\86181\Desktop\MicroServices\microArch-final-project\heartWave\EmotionProcessor\src\python\93.wav
94,徐良 - 那时雨.mp3,normal,,,,POP,,,,test/徐良 - 那时雨.mp3,0,,0,0,,,0,,2023-12-19T21:30:47,6592abed3713042ee2067c5e,0.008618802,0.0016858886,0.077886336,0.9109353,0.00087368046,2,52.9,0.984919,0.0150808,C:\Users\86181\Desktop\MicroServices\microArch-final-project\heartWave\EmotionProcessor\src\python\94.wav
95,"徐良,阿悄 - 月光.mp3",normal,,,,POP,,,,"test/徐良,阿悄 - 月光.mp3",0,,0,0,,,0,,2023-12-19T21:31:03,6592abed3713042ee2067c61,7.718385e-05,0.007994432,0.0024877635,0.9893993,4.1231197e-05,2,52.9,0.984919,0.0150808,C:\Users\86181\Desktop\MicroServices\microArch-final-project\heartWave\EmotionProcessor\src\python\95.wav
96,"徐良,孙羽幽 - 七秒钟的记忆.mp3",normal,,,,POP,,,,"test/徐良,孙羽幽 - 七秒钟的记忆.mp3",0,,0,0,,,0,,2023-12-19T21:31:19,6592abed3713042ee2067c60,1.3382484e-08,0.9977852,0.0022038554,1.0994614e-05,3.8689796e-10,2,52.9,0.984919,0.0150808,C:\Users\86181\Desktop\MicroServices\microArch-final-project\heartWave\EmotionProcessor\src\python\96.wav
97,于文文 - 何必.mp3,normal,,,,POP,,,,test/于文文 - 何必.mp3,0,,0,0,,,0,,2023-12-19T21:31:39,6592abeb3713042ee2067c3e,0.15298033,0.022730613,0.2168975,0.31619254,0.29119894,2,52.9,0.984919,0.0150808,C:\Users\86181\Desktop\MicroServices\microArch-final-project\heartWave\EmotionProcessor\src\python\97.wav
98,于文文 - 体面 (Live).mp3,normal,,,,POP,,,,test/于文文 - 体面 (Live).mp3,0,,0,0,,,0,,2023-12-19T21:31:54,6592abeb3713042ee2067c3d,0.069017254,0.003654326,0.036520414,0.88511187,0.005696195,2,52.9,0.984919,0.0150808,C:\Users\86181\Desktop\MicroServices\microArch-final-project\heartWave\EmotionProcessor\src\python\98.wav
99,"御鹿神谷,江苹果 - 孤星祭.mp3",normal,,,,POP,,,,"test/御鹿神谷,江苹果 - 孤星祭.mp3",0,,0,0,,,0,,2023-12-19T21:32:29,6592abed3713042ee2067c62,0.049175344,0.014335049,0.6957197,0.0023536263,0.23841627,2,52.9,0.984919,0.0150808,C:\Users\86181\Desktop\MicroServices\microArch-final-project\heartWave\EmotionProcessor\src\python\99.wav
100,"御鹿神谷,江苹果 - 山眠.mp3",normal,,,,POP,,,,"test/御鹿神谷,江苹果 - 山眠.mp3",0,,0,0,,,0,,2023-12-19T21:32:46,6592abed3713042ee2067c63,0.037328176,0.011085476,0.6314769,0.033099487,0.2870099,2,52.9,0.984919,0.0150808,C:\Users\86181\Desktop\MicroServices\microArch-final-project\heartWave\EmotionProcessor\src\python\100.wav
101,"张碧晨,王赫野 - 字字句句 (Live版).mp3",normal,,,,POP,,,,"test/张碧晨,王赫野 - 字字句句 (Live版).mp3",0,,0,0,,,0,,2023-12-19T21:33:07,6592abec3713042ee2067c57,0.0065263505,0.09290675,0.8342996,0.031932104,0.03433515,2,52.9,0.984919,0.0150808,C:\Users\86181\Desktop\MicroServices\microArch-final-project\heartWave\EmotionProcessor\src\python\101.wav
102,周传雄 - 冬天的秘密.mp3,normal,,,,POP,,,,test/周传雄 - 冬天的秘密.mp3,0,,0,0,,,0,,2023-12-19T21:33:28,6592abeb3713042ee2067c49,0.9368207,0.044164848,9.2391994e-05,0.014040026,0.004882125,2,52.9,0.984919,0.0150808,C:\Users\86181\Desktop\MicroServices\microArch-final-project\heartWave\EmotionProcessor\src\python\102.wav
103,周传雄 - 关不上的窗.mp3,normal,,,,POP,,,,test/周传雄 - 关不上的窗.mp3,0,,0,0,,,0,,2023-12-19T21:33:42,6592abeb3713042ee2067c48,0.030103346,0.01968255,0.0012328454,0.04815424,0.900827,2,52.9,0.984919,0.0150808,C:\Users\86181\Desktop\MicroServices\microArch-final-project\heartWave\EmotionProcessor\src\python\103.wav
104,周传雄 - 黄昏.mp3,normal,,,,POP,,,,test/周传雄 - 黄昏.mp3,0,,0,0,,,0,,2023-12-19T21:33:57,6592abeb3713042ee2067c4a,0.13203126,0.016608221,0.1699322,0.6407452,0.040683094,2,52.9,0.984919,0.0150808,C:\Users\86181\Desktop\MicroServices\microArch-final-project\heartWave\EmotionProcessor\src\python\104.wav
105,林宝 - 得不到的爱情.mp3,normal,,,,POP,,,,test/林宝 - 得不到的爱情.mp3,189,Shanghainese,0,0,,,0,,2023-12-19T21:35:18,6592abed3713042ee2067c65,0.002240279,0.0014221806,0.0018005071,0.9942061,0.00033094655,2,52.9,0.984919,0.0150808,C:\Users\86181\Desktop\MicroServices\microArch-final-project\heartWave\EmotionProcessor\src\python\105.wav
106,Ania Cecilia - E l'Alba Verrà.mp3,normal,,,,WORLD_MUSIC,,,,test/Ania Cecilia - E l'Alba Verrà.mp3,0,,0,0,,,0,,2023-12-19T21:35:44,6592abe53713042ee2067bee,0.9895169,0.00017057742,4.1580886e-05,0.010193228,7.758352e-05,2,52.9,0.984919,0.0150808,C:\Users\86181\Desktop\MicroServices\microArch-final-project\heartWave\EmotionProcessor\src\python\106.wav
107,E.S.P - 星茶会（吉他版）.mp3,normal,,,,INSTRUMENTAL,,,,test/E.S.P - 星茶会（吉他版）.mp3,0,,0,0,,,0,,2023-12-19T21:36:16,6592abe63713042ee2067bfb,6.452575e-07,6.2801764e-10,0.9999875,3.180674e-09,1.1962513e-05,2,52.9,0.984919,0.0150808,C:\Users\86181\Desktop\MicroServices\microArch-final-project\heartWave\EmotionProcessor\src\python\107.wav
108,"EasyPop,GUMI,巡音ルカ - ハッピーシンセサイザ.mp3",normal,,,,POP,,,,"test/EasyPop,GUMI,巡音ルカ - ハッピーシンセサイザ.mp3",0,,0,0,,,0,,2023-12-19T21:36:38,6592abe63713042ee2067bfc,0.0040819077,0.008239215,0.0028742813,0.9845005,0.00030406177,2,52.9,0.984919,0.0150808,C:\Users\86181\Desktop\MicroServices\microArch-final-project\heartWave\EmotionProcessor\src\python\108.wav
109,"fallen shepherd,RabbiTon Strings - ENDYMION (long edit).mp3",normal,,,,ELECTRONIC,,,,"test/fallen shepherd,RabbiTon Strings - ENDYMION (long edit).mp3",0,,0,0,,,0,,2023-12-19T21:37:12,6592abe93713042ee2067c26,1.7541263e-09,1.0,1.1671664e-08,8.082785e-12,1.7250051e-13,2,52.9,0.984919,0.0150808,C:\Users\86181\Desktop\MicroServices\microArch-final-project\heartWave\EmotionProcessor\src\python\109.wav
110,Johann Strauss II - 蓝色多瑙河圆舞曲.mp3,normal,,,,CLASSICAL,,,,test/Johann Strauss II - 蓝色多瑙河圆舞曲.mp3,0,,0,0,,,0,,2023-12-19T21:37:50,6592abe73713042ee2067c0a,2.9424667e-05,5.5340354e-07,0.99121207,2.3327061e-06,0.008755686,2,52.9,0.984919,0.0150808,C:\Users\86181\Desktop\MicroServices\microArch-final-project\heartWave\EmotionProcessor\src\python\110.wav
111,Johannes Brahms - Hungarian Dance.mp3,normal,,,,CLASSICAL,,,,test/Johannes Brahms - Hungarian Dance.mp3,0,,0,0,,,0,,2023-12-19T21:38:10,6592abe73713042ee2067c0b,1.9543693e-05,0.00039489273,0.9981396,0.00062731147,0.00081860507,2,52.9,0.984919,0.0150808,C:\Users\86181\Desktop\MicroServices\microArch-final-project\heartWave\EmotionProcessor\src\python\111.wav
112,John Powell - Assassin's Tango.mp3,normal,,,,CLASSICAL,,,,test/John Powell - Assassin's Tango.mp3,0,,0,0,,,0,,2023-12-19T21:38:31,6592abe73713042ee2067c0c,0.03114681,0.007570332,0.2932964,0.6392252,0.028761374,2,52.9,0.984919,0.0150808,C:\Users\86181\Desktop\MicroServices\microArch-final-project\heartWave\EmotionProcessor\src\python\112.wav
113,"livetune,初音ミク - Tell Your World.mp3",normal,,,,POP,,,,"test/livetune,初音ミク - Tell Your World.mp3",0,,0,0,,,0,,2023-12-19T21:39:01,6592abe93713042ee2067c28,7.7249973e-07,4.108651e-11,1.58679e-07,0.99999905,1.3822143e-09,2,52.9,0.984919,0.0150808,C:\Users\86181\Desktop\MicroServices\microArch-final-project\heartWave\EmotionProcessor\src\python\113.wav
114,"M2U,Pica - 神話.mp3",normal,,,,ELECTRONIC,,,,"M2U,Pica - 神話.mp3",0,,0,0,,,0,,2023-12-19T21:39:23,6592a9fb3713042ee2067be8,0.059314214,0.17505522,0.007867529,0.75266266,0.00510042,2,52.9,0.984919,0.0150808,C:\Users\86181\Desktop\MicroServices\microArch-final-project\heartWave\EmotionProcessor\src\python\114.wav
115,Massive New Krew - Ghetto Blaster.mp3,normal,,,,ELECTRONIC,,,,Massive New Krew - Ghetto Blaster.mp3,0,,0,0,,,0,,2023-12-19T21:39:38,6592ab443713042ee2067be9,1.0721316e-11,1.0,1.2998643e-16,5.539701e-08,2.907999e-18,2,52.9,0.984919,0.0150808,C:\Users\86181\Desktop\MicroServices\microArch-final-project\heartWave\EmotionProcessor\src\python\115.wav
116,"n-buna,初音ミク - ウミユリ海底譚.mp3",normal,,,,ELECTRONIC,,,,"n-buna,初音ミク - ウミユリ海底譚.mp3",0,,0,0,,,0,,2023-12-19T21:39:52,6592abe53713042ee2067beb,0.0002504889,0.99974936,4.989725e-08,8.254753e-08,1.5800778e-09,2,52.9,0.984919,0.0150808,C:\Users\86181\Desktop\MicroServices\microArch-final-project\heartWave\EmotionProcessor\src\python\116.wav
117,Pafe - Hello New World（翻自 初音ミク）.mp3,normal,,,,ELECTRONIC,,,,Pafe - Hello New World（翻自 初音ミク）.mp3,0,,0,0,,,0,,2023-12-19T21:40:07,6592abe53713042ee2067bea,0.11800383,0.79228646,0.027926395,0.057797242,0.0039860513,2,52.9,0.984919,0.0150808,C:\Users\86181\Desktop\MicroServices\microArch-final-project\heartWave\EmotionProcessor\src\python\117.wav
118,"Shino,初音ミク - 優等生 (feat. 初音ミク).mp3",normal,,,,ELECTRONIC,,,,"test/Shino,初音ミク - 優等生 (feat. 初音ミク).mp3",0,,0,0,,,0,,2023-12-19T21:40:36,6592abe83713042ee2067c1b,8.8833964e-05,0.99933976,0.00034517865,0.00022594728,2.561003e-07,2,52.9,0.984919,0.0150808,C:\Users\86181\Desktop\MicroServices\microArch-final-project\heartWave\EmotionProcessor\src\python\118.wav
119,"syudou,初音ミク - ビターチョコデコレーション.mp3",normal,,,,ELECTRONIC,,,,"test/syudou,初音ミク - ビターチョコデコレーション.mp3",0,,0,0,,,0,,2023-12-19T21:41:04,6592abe93713042ee2067c2a,2.0954911e-07,0.99989283,0.00010548551,1.4294009e-06,4.35768e-09,2,52.9,0.984919,0.0150808,C:\Users\86181\Desktop\MicroServices\microArch-final-project\heartWave\EmotionProcessor\src\python\119.wav
120,Theodore Kuchar - Jazz Suite No.1： Waltz.mp3,normal,,,,CLASSICAL,,,,test/Theodore Kuchar - Jazz Suite No.1： Waltz.mp3,0,,0,0,,,0,,2023-12-19T21:41:25,6592abe93713042ee2067c1f,0.0018110599,1.8539326e-05,0.9972193,4.1660172e-05,0.0009094695,2,52.9,0.984919,0.0150808,C:\Users\86181\Desktop\MicroServices\microArch-final-project\heartWave\EmotionProcessor\src\python\120.wav
121,yihuik苡慧 - 晚风.mp3,normal,,,,HIP_POP,,,,test/yihuik苡慧 - 晚风.mp3,0,,0,0,,,0,,2023-12-19T21:41:43,6592abe93713042ee2067c2c,5.0808776e-06,0.9999949,1.8692392e-10,2.4691484e-09,2.3169579e-10,2,52.9,0.984919,0.0150808,C:\Users\86181\Desktop\MicroServices\microArch-final-project\heartWave\EmotionProcessor\src\python\121.wav
122,コアラモード. - 七色シンフォニー.mp3,normal,,,,POP,,,,test/コアラモード. - 七色シンフォニー.mp3,0,,0,0,,,0,,2023-12-19T21:42:07,6592abea3713042ee2067c31,2.799024e-13,0.99999964,3.4456087e-07,1.9689643e-10,6.2274133e-13,2,52.9,0.984919,0.0150808,C:\Users\86181\Desktop\MicroServices\microArch-final-project\heartWave\EmotionProcessor\src\python\122.wav
123,"ササノマリイ,25時、ナイトコードで。,初音ミク - 自傷無色 (feat. 宵崎奏, 朝比奈まふゆ & 初音ミク).mp3",normal,,,,POP,,,,"test/ササノマリイ,25時、ナイトコードで。,初音ミク - 自傷無色 (feat. 宵崎奏, 朝比奈まふゆ & 初音ミク).mp3",0,,0,0,,,0,,2023-12-19T21:42:24,6592abea3713042ee2067c32,3.3626286e-06,0.9999956,9.776106e-07,6.057166e-08,5.1462683e-09,2,52.9,0.984919,0.0150808,C:\Users\86181\Desktop\MicroServices\microArch-final-project\heartWave\EmotionProcessor\src\python\123.wav
124,"ナノウ,25時、ナイトコードで。,巡音ルカ - 演劇 (Game size).mp3",normal,,,,POP,,,,"test/ナノウ,25時、ナイトコードで。,巡音ルカ - 演劇 (Game size).mp3",0,,0,0,,,0,,2023-12-19T21:42:40,6592abea3713042ee2067c37,0.0106386775,1.1894443e-05,0.0017054926,0.987465,0.00017893338,2,52.9,0.984919,0.0150808,C:\Users\86181\Desktop\MicroServices\microArch-final-project\heartWave\EmotionProcessor\src\python\124.wav
125,"はりーP,初音ミク - 泥中に咲く (feat. 初音ミク).mp3",normal,,,,POP,,,,"test/はりーP,初音ミク - 泥中に咲く (feat. 初音ミク).mp3",0,,0,0,,,0,,2023-12-19T21:43:00,6592abea3713042ee2067c2f,0.06835525,0.0023638532,0.024055615,0.068731636,0.8364937,2,52.9,0.984919,0.0150808,C:\Users\86181\Desktop\MicroServices\microArch-final-project\heartWave\EmotionProcessor\src\python\125.wav
126,"ユリイ・カノン,GUMI - だれかの心臓になれたなら.mp3",normal,,,,POP,,,,"test/ユリイ・カノン,GUMI - だれかの心臓になれたなら.mp3",0,,0,0,,,0,,2023-12-19T21:43:14,6592abea3713042ee2067c38,0.8087671,0.03028219,0.00091603457,0.024182528,0.13585219,2,52.9,0.984919,0.0150808,C:\Users\86181\Desktop\MicroServices\microArch-final-project\heartWave\EmotionProcessor\src\python\126.wav
127,"ヰ世界情緒,星界 - エリカの憂い - ヰ世界情緒 feat. 星界.mp3",normal,,,,POP,,,,"test/ヰ世界情緒,星界 - エリカの憂い - ヰ世界情緒 feat. 星界.mp3",0,,0,0,,,0,,2023-12-19T21:43:30,6592abea3713042ee2067c39,0.0004939244,0.00056029484,0.00027771265,0.99866307,4.9476052e-06,2,52.9,0.984919,0.0150808,C:\Users\86181\Desktop\MicroServices\microArch-final-project\heartWave\EmotionProcessor\src\python\127.wav
128,陈慧琳 - 别来无恙.mp3,normal,,,,POP,,,,test/陈慧琳 - 别来无恙.mp3,0,,0,0,,,0,,2023-12-19T21:43:50,6592abed3713042ee2067c6d,0.012327554,0.00022228748,0.01682967,0.9704541,0.00016641911,2,52.9,0.984919,0.0150808,C:\Users\86181\Desktop\MicroServices\microArch-final-project\heartWave\EmotionProcessor\src\python\128.wav
129,葱蒜酱 - 两个恰恰好.mp3,normal,,,,POP,,,,test/葱蒜酱 - 两个恰恰好.mp3,0,,0,0,,,0,,2023-12-19T21:44:02,6592abed3713042ee2067c69,0.0007788104,0.00024578575,0.00017378513,0.9987496,5.208405e-05,2,52.9,0.984919,0.0150808,C:\Users\86181\Desktop\MicroServices\microArch-final-project\heartWave\EmotionProcessor\src\python\129.wav
130,封茗囧菌 - 我的悲伤是水做的.mp3,normal,,,,POP,,,,test/封茗囧菌 - 我的悲伤是水做的.mp3,0,,0,0,,,0,,2023-12-19T21:44:19,6592abec3713042ee2067c53,6.0260045e-05,5.608388e-08,0.0005233212,0.76140106,0.23801528,2,52.9,0.984919,0.0150808,C:\Users\86181\Desktop\MicroServices\microArch-final-project\heartWave\EmotionProcessor\src\python\130.wav
131,韩凛 - 月半小夜曲（电吉他独奏）（Cover 李克勤票）.mp3,normal,,,,INSTRUMENTAL,,,,test/韩凛 - 月半小夜曲（电吉他独奏）（Cover 李克勤票）.mp3,0,,0,0,,,0,,2023-12-19T21:44:40,6592abee3713042ee2067c6f,2.8786184e-16,0.9999418,2.0678106e-05,3.751334e-05,3.1367782e-13,2,52.9,0.984919,0.0150808,C:\Users\86181\Desktop\MicroServices\microArch-final-project\heartWave\EmotionProcessor\src\python\131.wav
132,藍月なくる - これくらいで.mp3,normal,,,,POP,,,,test/藍月なくる - これくらいで.mp3,0,,0,0,,,0,,2023-12-19T21:45:03,6592abed3713042ee2067c6b,0.0037262877,0.9856045,0.010050879,0.00022090151,0.0003974644,2,52.9,0.984919,0.0150808,C:\Users\86181\Desktop\MicroServices\microArch-final-project\heartWave\EmotionProcessor\src\python\132.wav
133,"麦浚龙,谢安琪 - 罗生门.mp3",normal,,,,POP,,,,"test/麦浚龙,谢安琪 - 罗生门.mp3",0,,0,0,,,0,,2023-12-19T21:45:17,6592abee3713042ee2067c70,0.008563357,0.00050050253,0.0012345595,0.988057,0.0016446898,2,52.9,0.984919,0.0150808,C:\Users\86181\Desktop\MicroServices\microArch-final-project\heartWave\EmotionProcessor\src\python\133.wav
134,七色鹿 - 浮生未歇.mp3,normal,,,,POP,,,,test/七色鹿 - 浮生未歇.mp3,0,,0,0,,,0,,2023-12-19T21:45:32,6592abea3713042ee2067c3b,0.00033525797,2.559187e-05,0.00021885011,0.09997194,0.89944834,2,52.9,0.984919,0.0150808,C:\Users\86181\Desktop\MicroServices\microArch-final-project\heartWave\EmotionProcessor\src\python\134.wav
135,群星 - 舞蹈：碇步桥.mp3,normal,,,,INSTRUMENTAL,,,,test/群星 - 舞蹈：碇步桥.mp3,0,,0,0,,,0,,2023-12-19T21:45:51,6592abed3713042ee2067c67,0.11558152,0.0025870092,0.83357793,7.204225e-05,0.0481815,2,52.9,0.984919,0.0150808,C:\Users\86181\Desktop\MicroServices\microArch-final-project\heartWave\EmotionProcessor\src\python\135.wav
136,盛开-舞蹈团(2).mp3,normal,,,,INSTRUMENTAL,,,,test/盛开-舞蹈团(2).mp3,0,,0,0,,,0,,2023-12-19T21:45:58,6592abed3713042ee2067c66,0.010504654,0.0010921387,0.96269894,0.010365853,0.015338397,2,52.9,0.984919,0.0150808,C:\Users\86181\Desktop\MicroServices\microArch-final-project\heartWave\EmotionProcessor\src\python\136.wav
137,"司南,琉盈 - 夜宴风波.mp3",normal,,,,POP,,,,"test/司南,琉盈 - 夜宴风波.mp3",0,,0,0,,,0,,2023-12-19T21:46:19,6592abeb3713042ee2067c47,0.027743144,5.2372725e-05,0.009077009,0.96181315,0.0013142733,2,52.9,0.984919,0.0150808,C:\Users\86181\Desktop\MicroServices\microArch-final-project\heartWave\EmotionProcessor\src\python\137.wav
138,"旺仔小乔,Ellivensen - 病变（女生版）.mp3",normal,,,,HIP_POP,,,,"test/旺仔小乔,Ellivensen - 病变（女生版）.mp3",0,,0,0,,,0,,2023-12-19T21:46:33,6592abed3713042ee2067c64,0.00015274662,0.19695015,0.7958335,0.0026431151,0.0044205342,2,52.9,0.984919,0.0150808,C:\Users\86181\Desktop\MicroServices\microArch-final-project\heartWave\EmotionProcessor\src\python\138.wav
139,"徐良,吴昕 - 星座恋人.mp3",normal,,,,POP,,,,"test/徐良,吴昕 - 星座恋人.mp3",0,,0,0,,,0,,2023-12-19T21:46:54,6592abed3713042ee2067c5f,0.06924136,0.00018625545,0.027402971,0.90163594,0.0015334236,2,52.9,0.984919,0.0150808,C:\Users\86181\Desktop\MicroServices\microArch-final-project\heartWave\EmotionProcessor\src\python\139.wav
140,"雪乃イト,初音ミク - 心拍ペアリング.mp3",normal,,,,WORLD_MUSIC,,,,"test/雪乃イト,初音ミク - 心拍ペアリング.mp3",0,,0,0,,,0,,2023-12-19T21:47:15,6592abee3713042ee2067c6e,6.5999004e-05,0.9996909,1.08037775e-05,0.00023226623,1.2452088e-07,2,52.9,0.984919,0.0150808,C:\Users\86181\Desktop\MicroServices\microArch-final-project\heartWave\EmotionProcessor\src\python\140.wav
141,"巡音ルカ,emon (Tes.) - どりーみんチュチュ.mp3",normal,,,,WORLD_MUSIC,,,,"test/巡音ルカ,emon (Tes.) - どりーみんチュチュ.mp3",0,,0,0,,,0,,2023-12-19T21:47:30,6592abec3713042ee2067c56,0.0076047266,0.9913975,0.00072582695,0.00023048438,4.1449555e-05,2,52.9,0.984919,0.0150808,C:\Users\86181\Desktop\MicroServices\microArch-final-project\heartWave\EmotionProcessor\src\python\141.wav
142,"药匙墨KITORA,薄啵啵 - 晓秋月明（沪语+粤语ver）.mp3",normal,,,,WORLD_MUSIC,,,,"test/药匙墨KITORA,薄啵啵 - 晓秋月明（沪语+粤语ver）.mp3",0,,0,0,,,0,,2023-12-19T21:47:45,6592abed3713042ee2067c68,1.9802162e-09,2.9907084e-12,3.566285e-06,0.0006064058,0.99939,2,52.9,0.984919,0.0150808,C:\Users\86181\Desktop\MicroServices\microArch-final-project\heartWave\EmotionProcessor\src\python\142.wav
143,"一之瀬ユウ,GUMI - 心做し.mp3",normal,,,,POP,,,,"test/一之瀬ユウ,GUMI - 心做し.mp3",0,,0,0,,,0,,2023-12-19T21:48:07,6592abea3713042ee2067c3a,0.0060066693,0.9912395,0.00047191666,0.0022526074,2.9350062e-05,2,52.9,0.984919,0.0150808,C:\Users\86181\Desktop\MicroServices\microArch-final-project\heartWave\EmotionProcessor\src\python\143.wav
